{
  "epoch": 1.0,
  "train_loss": 0.6627006238223585,
  "accuracy": 0.6425884123401053,
  "f1_macro": 0.6379766261159198,
  "f1_binary": 0.6788370520622042,
  "precision": 0.6412556888512475,
  "precision_binary": 0.6494178525226391,
  "recall": 0.6380280921612048,
  "recall_binary": 0.7110481586402266,
  "auc_roc": 0.6952196035813186
}