model,accuracy,f1_macro,f1_binary,precision,precision_binary,recall,recall_binary,auc_roc
BERT,0.6516768292682927,0.6377781603883296,0.7087316762268961,0.6422894798659793,0.6805385556915544,0.6366451367781155,0.7393617021276596,0.6822829597264437
Logistic Regression,0.6387195121951219,0.6325503236739296,0.680161943319838,0.6321470602080685,0.6904109589041096,0.6333206686930091,0.6702127659574468,0.6800626899696048
SVM,0.6219512195121951,0.5759799833194329,0.7155963302752294,0.614516129032258,0.6290322580645161,0.586322188449848,0.8297872340425532,0.6599852773556231
