model,accuracy,f1_macro,f1_binary,precision,precision_binary,recall,recall_binary,auc_roc
Logistic Regression,0.6290443942814146,0.6275565105432346,0.6510969568294409,0.6275690499688462,0.6506364922206507,0.6275446869074522,0.6515580736543909,0.6828468663462457
