model,accuracy,f1_macro,f1_binary,precision,precision_binary,recall,recall_binary,auc_roc
SVM,0.617005267118134,0.5937456647190558,0.6909532483302975,0.6257915466108659,0.6046758767268863,0.6044191270422292,0.8059490084985835,0.6578171963313766
